seed,policy,episodes,recovered_inr,recovery_rate,revenue_capture_rate,wasted_attempts,attempts_per_episode,issuer_risk_exposure,guard_interventions,mean_time_to_recovery_h,correct_abandon_rate,premature_abandon_rate,mean_reward
0,static_schedule,1000,464520.54,0.3105,0.3189,1481,1.721,0,760,63.9,0.2987,0.7013,0.05131
1,static_schedule,1000,551555.77,0.3718,0.3857,1382,1.669,0,713,64.14,0.3198,0.6802,0.11391
2,static_schedule,1000,592158.33,0.3553,0.3965,1415,1.69,0,725,62.49,0.3117,0.6883,0.09795
0,static_with_switch,1000,791013.93,0.5472,0.5431,1527,1.95,0,408,52.14,0.3934,0.6066,0.28743
1,static_with_switch,1000,948350.82,0.6166,0.6633,1385,1.861,0,382,49.16,0.4351,0.5649,0.35885
2,static_with_switch,1000,901765.4,0.5853,0.6038,1425,1.878,0,402,48.05,0.4132,0.5868,0.32886
0,flat_dqn,1000,1084677.25,0.762,0.7447,1834,2.423,0,825,59.57,0.5523,0.4477,0.48749
1,flat_dqn,1000,1124461.28,0.7837,0.7864,1636,2.241,0,745,49.39,0.5772,0.4228,0.5149
2,flat_dqn,1000,1207182.38,0.7739,0.8083,1660,2.259,0,751,47.95,0.5636,0.4364,0.50687
